<?xml version='1.0' encoding='UTF-8'?>
<?artifactRepository version='1.1.0'?>
<repository name='file:/Users/rupesh/AnypointStudio/workspace/we-mo-connector/target/update-site/ - artifacts' type='org.eclipse.equinox.p2.artifact.repository.simpleRepository' version='1'>
  <properties size='2'>
    <property name='p2.timestamp' value='1427871043015'/>
    <property name='p2.compressed' value='false'/>
  </properties>
  <mappings size='3'>
    <rule filter='(&amp; (classifier=osgi.bundle))' output='${repoUrl}/plugins/${id}_${version}.jar'/>
    <rule filter='(&amp; (classifier=binary))' output='${repoUrl}/binary/${id}_${version}'/>
    <rule filter='(&amp; (classifier=org.eclipse.update.feature))' output='${repoUrl}/features/${id}_${version}.jar'/>
  </mappings>
  <artifacts size='2'>
    <artifact classifier='org.eclipse.update.feature' id='org.mule.tooling.ui.extension.we-mo-connector.3.5.0' version='1.0.0.201503312350'>
      <properties size='4'>
        <property name='artifact.size' value='9858'/>
        <property name='download.size' value='9858'/>
        <property name='download.md5' value='d7514cafd0c1012ba0944c18c472f7b4'/>
        <property name='download.contentType' value='application/zip'/>
      </properties>
    </artifact>
    <artifact classifier='osgi.bundle' id='org.mule.tooling.ui.contribution.we-mo.3.5.0' version='1.0.0.201503312350'>
      <properties size='3'>
        <property name='artifact.size' value='1684169'/>
        <property name='download.size' value='1684169'/>
        <property name='download.md5' value='97d81bd66270a38b271f87dd1a421da0'/>
      </properties>
    </artifact>
  </artifacts>
</repository>
